DateTime, Interbeat Interval (MS)
2023-02-01 12:01:05.179+00:00, 0
2023-02-01 12:01:05.375+00:00, 195
2023-02-01 12:01:05.765+00:00, 382
2023-02-01 12:01:05.960+00:00, 195
2023-02-01 12:01:06.156+00:00, 195
2023-02-01 12:01:06.351+00:00, 195
2023-02-01 12:01:06.546+00:00, 195
2023-02-01 12:01:06.742+00:00, 195
2023-02-01 12:01:07.015+00:00, 269
2023-02-01 12:01:07.210+00:00, 195
2023-02-01 12:01:07.406+00:00, 195
2023-02-01 12:01:07.601+00:00, 195
2023-02-01 12:01:07.835+00:00, 234
2023-02-01 12:01:08.031+00:00, 199
2023-02-01 12:01:08.226+00:00, 195
2023-02-01 12:01:08.421+00:00, 195
2023-02-01 12:01:08.617+00:00, 195
2023-02-01 12:01:09.750+00:00, 1125
2023-02-01 12:01:10.531+00:00, 773
2023-02-01 12:01:11.273+00:00, 773
2023-02-01 12:01:12.054+00:00, 761
2023-02-01 12:01:12.796+00:00, 750
2023-02-01 12:01:13.539+00:00, 734
2023-02-01 12:01:14.281+00:00, 730
2023-02-01 12:01:14.984+00:00, 726
2023-02-01 12:01:15.738+00:00, 726
2023-02-01 12:01:16.441+00:00, 710
2023-02-01 12:01:17.144+00:00, 710
2023-02-01 12:01:17.886+00:00, 722
2023-02-01 12:01:18.277+00:00, 421
2023-02-01 12:01:18.472+00:00, 195
2023-02-01 12:01:18.667+00:00, 195
2023-02-01 12:01:18.941+00:00, 238
2023-02-01 12:01:19.331+00:00, 421
2023-02-01 12:01:19.566+00:00, 230
2023-02-01 12:01:19.839+00:00, 246
2023-02-01 12:01:20.074+00:00, 265
2023-02-01 12:01:20.269+00:00, 195
2023-02-01 12:01:20.620+00:00, 347
2023-02-01 12:01:21.011+00:00, 390
2023-02-01 12:01:22.261+00:00, 1250
2023-02-01 12:01:23.120+00:00, 851
2023-02-01 12:01:23.667+00:00, 562
2023-02-01 12:01:23.902+00:00, 210
2023-02-01 12:01:24.097+00:00, 195
2023-02-01 12:01:24.292+00:00, 195
2023-02-01 12:01:24.488+00:00, 195
2023-02-01 12:01:25.464+00:00, 972
2023-02-01 12:01:25.738+00:00, 289
2023-02-01 12:01:26.089+00:00, 339
2023-02-01 12:01:26.402+00:00, 316
2023-02-01 12:01:27.222+00:00, 824
2023-02-01 12:01:27.417+00:00, 195
2023-02-01 12:01:27.847+00:00, 433
2023-02-01 12:01:28.120+00:00, 281
2023-02-01 12:01:28.667+00:00, 542
2023-02-01 12:01:28.863+00:00, 195
2023-02-01 12:01:29.370+00:00, 500
2023-02-01 12:01:29.722+00:00, 335
2023-02-01 12:01:29.917+00:00, 195
2023-02-01 12:01:30.738+00:00, 824
2023-02-01 12:01:31.050+00:00, 324
2023-02-01 12:01:31.441+00:00, 386
2023-02-01 12:01:31.675+00:00, 246
2023-02-01 12:01:32.574+00:00, 875
2023-02-01 12:01:33.316+00:00, 746
2023-02-01 12:01:34.136+00:00, 824
2023-02-01 12:01:34.761+00:00, 625
2023-02-01 12:01:35.308+00:00, 542
2023-02-01 12:01:35.972+00:00, 656
2023-02-01 12:01:36.167+00:00, 195
2023-02-01 12:01:36.597+00:00, 464
2023-02-01 12:01:38.081+00:00, 1457
2023-02-01 12:01:38.667+00:00, 585
2023-02-01 12:01:38.863+00:00, 195
2023-02-01 12:01:39.058+00:00, 195
2023-02-01 12:01:39.253+00:00, 210
2023-02-01 12:01:39.527+00:00, 250
2023-02-01 12:01:40.152+00:00, 632
2023-02-01 12:01:40.347+00:00, 195
2023-02-01 12:01:41.285+00:00, 945
2023-02-01 12:01:41.675+00:00, 382
2023-02-01 12:01:41.949+00:00, 265
2023-02-01 12:01:42.144+00:00, 195
2023-02-01 12:01:42.378+00:00, 242
2023-02-01 12:01:42.574+00:00, 195
2023-02-01 12:01:42.769+00:00, 195
2023-02-01 12:01:43.081+00:00, 335
2023-02-01 12:01:43.355+00:00, 269
2023-02-01 12:01:43.550+00:00, 195
2023-02-01 12:01:43.785+00:00, 242
2023-02-01 12:01:44.214+00:00, 425
2023-02-01 12:01:44.410+00:00, 195
2023-02-01 12:01:44.605+00:00, 195
2023-02-01 12:01:44.800+00:00, 195
2023-02-01 12:01:45.542+00:00, 734
2023-02-01 12:01:45.777+00:00, 242
2023-02-01 12:01:45.972+00:00, 195
2023-02-01 12:01:46.636+00:00, 648
2023-02-01 12:01:46.949+00:00, 332
2023-02-01 12:01:47.144+00:00, 195
2023-02-01 12:01:47.456+00:00, 281
2023-02-01 12:01:47.730+00:00, 292
2023-02-01 12:01:47.925+00:00, 195
2023-02-01 12:01:48.199+00:00, 277
2023-02-01 12:01:48.394+00:00, 195
2023-02-01 12:01:48.589+00:00, 195
2023-02-01 12:01:48.785+00:00, 195
2023-02-01 12:01:49.097+00:00, 304
2023-02-01 12:01:49.292+00:00, 195
2023-02-01 12:01:49.527+00:00, 250
2023-02-01 12:01:49.722+00:00, 195
2023-02-01 12:01:49.995+00:00, 261
2023-02-01 12:01:50.191+00:00, 195
2023-02-01 12:01:50.386+00:00, 195
2023-02-01 12:01:50.581+00:00, 195
2023-02-01 12:01:50.777+00:00, 195
2023-02-01 12:01:51.753+00:00, 953
2023-02-01 12:01:51.949+00:00, 226
2023-02-01 12:01:52.222+00:00, 250
2023-02-01 12:01:52.456+00:00, 246
2023-02-01 12:01:52.652+00:00, 195
2023-02-01 12:01:52.847+00:00, 195
2023-02-01 12:01:53.042+00:00, 195
2023-02-01 12:01:53.238+00:00, 195
2023-02-01 12:01:53.433+00:00, 195
2023-02-01 12:01:53.902+00:00, 453
2023-02-01 12:01:54.253+00:00, 382
2023-02-01 12:01:54.449+00:00, 195
2023-02-01 12:01:55.074+00:00, 613
2023-02-01 12:01:55.777+00:00, 699
2023-02-01 12:01:56.167+00:00, 390
2023-02-01 12:01:56.870+00:00, 710
2023-02-01 12:01:57.730+00:00, 843
2023-02-01 12:01:58.199+00:00, 480
2023-02-01 12:01:58.394+00:00, 195
2023-02-01 12:02:00.035+00:00, 1621
2023-02-01 12:02:00.738+00:00, 718
2023-02-01 12:02:01.480+00:00, 730
2023-02-01 12:02:02.183+00:00, 718
2023-02-01 12:02:02.535+00:00, 332
2023-02-01 12:02:02.730+00:00, 195
2023-02-01 12:02:03.277+00:00, 570
2023-02-01 12:02:03.589+00:00, 292
2023-02-01 12:02:03.863+00:00, 269
2023-02-01 12:02:04.058+00:00, 195
2023-02-01 12:02:04.253+00:00, 195
2023-02-01 12:02:04.449+00:00, 195
2023-02-01 12:02:04.644+00:00, 195
2023-02-01 12:02:04.839+00:00, 195
2023-02-01 12:02:05.035+00:00, 195
2023-02-01 12:02:05.777+00:00, 753
2023-02-01 12:02:06.011+00:00, 250
2023-02-01 12:02:06.480+00:00, 437
2023-02-01 12:02:06.714+00:00, 269
2023-02-01 12:02:07.535+00:00, 792
2023-02-01 12:02:08.042+00:00, 523
2023-02-01 12:02:08.394+00:00, 328
2023-02-01 12:02:09.136+00:00, 773
2023-02-01 12:02:09.331+00:00, 195
2023-02-01 12:02:09.527+00:00, 195
2023-02-01 12:02:09.722+00:00, 195
2023-02-01 12:02:09.917+00:00, 195
2023-02-01 12:02:10.113+00:00, 195
2023-02-01 12:02:10.308+00:00, 195
2023-02-01 12:02:10.855+00:00, 539
2023-02-01 12:02:11.675+00:00, 804
2023-02-01 12:02:11.949+00:00, 289
2023-02-01 12:02:12.261+00:00, 300
2023-02-01 12:02:12.574+00:00, 312
2023-02-01 12:02:13.120+00:00, 554
2023-02-01 12:02:13.589+00:00, 453
2023-02-01 12:02:13.785+00:00, 195
2023-02-01 12:02:14.839+00:00, 1078
2023-02-01 12:02:15.620+00:00, 765
2023-02-01 12:02:16.363+00:00, 750
2023-02-01 12:02:17.105+00:00, 738
2023-02-01 12:02:17.769+00:00, 652
2023-02-01 12:02:18.003+00:00, 253
2023-02-01 12:02:18.199+00:00, 195
2023-02-01 12:02:18.511+00:00, 304
2023-02-01 12:02:18.902+00:00, 402
2023-02-01 12:02:19.097+00:00, 195
2023-02-01 12:02:19.292+00:00, 195
2023-02-01 12:02:19.566+00:00, 261
2023-02-01 12:02:19.917+00:00, 359
2023-02-01 12:02:20.620+00:00, 703
2023-02-01 12:02:21.363+00:00, 730
2023-02-01 12:02:21.636+00:00, 296
2023-02-01 12:02:21.988+00:00, 320
2023-02-01 12:02:22.183+00:00, 195
2023-02-01 12:02:22.378+00:00, 195
2023-02-01 12:02:22.574+00:00, 195
2023-02-01 12:02:22.769+00:00, 195
2023-02-01 12:02:23.003+00:00, 230
2023-02-01 12:02:23.277+00:00, 285
2023-02-01 12:02:23.550+00:00, 285
2023-02-01 12:02:24.527+00:00, 972
2023-02-01 12:02:25.386+00:00, 843
2023-02-01 12:02:26.245+00:00, 855
2023-02-01 12:02:26.792+00:00, 546
2023-02-01 12:02:27.417+00:00, 652
2023-02-01 12:02:27.964+00:00, 554
2023-02-01 12:02:28.160+00:00, 195
2023-02-01 12:02:28.355+00:00, 195
2023-02-01 12:02:29.019+00:00, 632
2023-02-01 12:02:29.214+00:00, 195
2023-02-01 12:02:29.527+00:00, 312
2023-02-01 12:02:29.722+00:00, 195
2023-02-01 12:02:30.347+00:00, 644
2023-02-01 12:02:31.831+00:00, 1472
2023-02-01 12:02:32.535+00:00, 722
2023-02-01 12:02:33.042+00:00, 500
2023-02-01 12:02:33.238+00:00, 195
2023-02-01 12:02:33.550+00:00, 289
2023-02-01 12:02:33.745+00:00, 199
2023-02-01 12:02:35.386+00:00, 1644
2023-02-01 12:02:36.128+00:00, 746
2023-02-01 12:02:36.519+00:00, 378
2023-02-01 12:02:36.714+00:00, 195
2023-02-01 12:02:37.144+00:00, 445
2023-02-01 12:02:37.613+00:00, 468
2023-02-01 12:02:38.472+00:00, 875
2023-02-01 12:02:38.667+00:00, 195
2023-02-01 12:02:38.980+00:00, 316
2023-02-01 12:02:39.175+00:00, 195
2023-02-01 12:02:39.370+00:00, 195
2023-02-01 12:02:39.566+00:00, 195
2023-02-01 12:02:39.761+00:00, 195
2023-02-01 12:02:40.152+00:00, 375
2023-02-01 12:02:40.425+00:00, 265
2023-02-01 12:02:40.699+00:00, 269
2023-02-01 12:02:40.894+00:00, 195
2023-02-01 12:02:41.089+00:00, 195
2023-02-01 12:02:41.285+00:00, 195
2023-02-01 12:02:41.597+00:00, 308
2023-02-01 12:02:42.925+00:00, 1347
2023-02-01 12:02:43.120+00:00, 195
2023-02-01 12:02:43.316+00:00, 195
2023-02-01 12:02:43.550+00:00, 238
2023-02-01 12:02:43.745+00:00, 195
2023-02-01 12:02:44.097+00:00, 332
2023-02-01 12:02:44.644+00:00, 546
2023-02-01 12:02:44.956+00:00, 308
2023-02-01 12:02:45.308+00:00, 347
2023-02-01 12:02:46.831+00:00, 1542
2023-02-01 12:02:47.027+00:00, 195
2023-02-01 12:02:47.417+00:00, 382
2023-02-01 12:02:47.613+00:00, 195
2023-02-01 12:02:48.238+00:00, 640
2023-02-01 12:02:48.433+00:00, 195
2023-02-01 12:02:49.019+00:00, 578
2023-02-01 12:02:49.839+00:00, 800
2023-02-01 12:02:50.699+00:00, 867
2023-02-01 12:02:51.636+00:00, 957
2023-02-01 12:02:52.495+00:00, 835
2023-02-01 12:02:54.800+00:00, 0
2023-02-01 12:02:54.995+00:00, 195
2023-02-01 12:02:55.191+00:00, 207
2023-02-01 12:02:55.581+00:00, 363
2023-02-01 12:02:56.050+00:00, 472
2023-02-01 12:02:56.402+00:00, 355
2023-02-01 12:02:57.183+00:00, 792
2023-02-01 12:02:58.003+00:00, 804
2023-02-01 12:02:58.824+00:00, 816
2023-02-01 12:02:59.644+00:00, 839
2023-02-01 12:03:00.503+00:00, 871
2023-02-01 12:03:01.050+00:00, 511
2023-02-01 12:03:02.222+00:00, 1175
2023-02-01 12:03:03.160+00:00, 941
2023-02-01 12:03:03.628+00:00, 492
2023-02-01 12:03:04.019+00:00, 367
2023-02-01 12:03:04.722+00:00, 718
2023-02-01 12:03:05.035+00:00, 316
2023-02-01 12:03:05.542+00:00, 484
2023-02-01 12:03:06.050+00:00, 531
2023-02-01 12:03:06.480+00:00, 414
2023-02-01 12:03:06.675+00:00, 199
2023-02-01 12:03:07.261+00:00, 601
2023-02-01 12:03:07.691+00:00, 410
2023-02-01 12:03:08.042+00:00, 375
2023-02-01 12:03:08.863+00:00, 792
2023-02-01 12:03:09.644+00:00, 777
2023-02-01 12:03:10.425+00:00, 792
2023-02-01 12:03:11.206+00:00, 796
2023-02-01 12:03:12.027+00:00, 804
2023-02-01 12:03:12.847+00:00, 816
2023-02-01 12:03:13.628+00:00, 800
2023-02-01 12:03:14.449+00:00, 796
2023-02-01 12:03:15.308+00:00, 855
2023-02-01 12:03:16.050+00:00, 742
2023-02-01 12:03:16.831+00:00, 808
2023-02-01 12:03:17.652+00:00, 800
2023-02-01 12:03:18.433+00:00, 800
2023-02-01 12:03:19.214+00:00, 785
2023-02-01 12:03:19.995+00:00, 781
2023-02-01 12:03:20.777+00:00, 777
2023-02-01 12:03:21.363+00:00, 574
2023-02-01 12:03:21.558+00:00, 199
2023-02-01 12:03:22.339+00:00, 777
2023-02-01 12:03:23.120+00:00, 765
2023-02-01 12:03:23.902+00:00, 781
2023-02-01 12:03:24.683+00:00, 792
2023-02-01 12:03:25.503+00:00, 808
2023-02-01 12:03:26.285+00:00, 808
2023-02-01 12:03:27.105+00:00, 824
2023-02-01 12:03:27.964+00:00, 828
2023-02-01 12:03:28.745+00:00, 785
2023-02-01 12:03:28.941+00:00, 195
2023-02-01 12:03:29.136+00:00, 195
2023-02-01 12:03:29.410+00:00, 269
2023-02-01 12:03:29.644+00:00, 257
2023-02-01 12:03:29.839+00:00, 195
2023-02-01 12:03:30.035+00:00, 195
2023-02-01 12:03:30.308+00:00, 253
2023-02-01 12:03:30.581+00:00, 292
2023-02-01 12:03:30.777+00:00, 195
2023-02-01 12:03:31.050+00:00, 261
2023-02-01 12:03:31.245+00:00, 195
2023-02-01 12:03:31.441+00:00, 195
2023-02-01 12:03:31.636+00:00, 195
2023-02-01 12:03:31.831+00:00, 195
2023-02-01 12:03:32.261+00:00, 429
2023-02-01 12:03:32.456+00:00, 195
2023-02-01 12:03:32.652+00:00, 195
2023-02-01 12:03:32.847+00:00, 195
2023-02-01 12:03:33.042+00:00, 195
2023-02-01 12:03:33.277+00:00, 246
2023-02-01 12:03:33.472+00:00, 195
2023-02-01 12:03:33.667+00:00, 195
2023-02-01 12:03:33.902+00:00, 218
2023-02-01 12:03:34.292+00:00, 386
2023-02-01 12:03:34.488+00:00, 195
2023-02-01 12:03:34.683+00:00, 195
2023-02-01 12:03:34.878+00:00, 195
2023-02-01 12:03:35.113+00:00, 261
2023-02-01 12:03:35.308+00:00, 195
2023-02-01 12:03:35.581+00:00, 253
2023-02-01 12:03:35.777+00:00, 195
2023-02-01 12:03:36.089+00:00, 300
2023-02-01 12:03:36.285+00:00, 195
2023-02-01 12:03:36.870+00:00, 582
2023-02-01 12:03:37.495+00:00, 628
2023-02-01 12:03:37.691+00:00, 195
2023-02-01 12:03:37.886+00:00, 195
2023-02-01 12:03:38.238+00:00, 382
2023-02-01 12:03:39.253+00:00, 996
2023-02-01 12:03:39.722+00:00, 488
2023-02-01 12:03:39.995+00:00, 238
2023-02-01 12:03:40.191+00:00, 195
2023-02-01 12:03:40.386+00:00, 195
2023-02-01 12:03:41.753+00:00, 1398
2023-02-01 12:03:42.495+00:00, 734
2023-02-01 12:03:43.238+00:00, 753
2023-02-01 12:03:44.019+00:00, 757
2023-02-01 12:03:44.331+00:00, 304
2023-02-01 12:03:44.800+00:00, 464
2023-02-01 12:03:45.113+00:00, 320
2023-02-01 12:03:45.386+00:00, 273
2023-02-01 12:03:46.128+00:00, 750
2023-02-01 12:03:46.714+00:00, 578
2023-02-01 12:03:47.808+00:00, 1097
2023-02-01 12:03:48.199+00:00, 390
2023-02-01 12:03:48.472+00:00, 296
2023-02-01 12:03:48.667+00:00, 195
2023-02-01 12:03:48.980+00:00, 312
2023-02-01 12:03:50.035+00:00, 1050
2023-02-01 12:03:50.894+00:00, 855
2023-02-01 12:03:51.675+00:00, 781
2023-02-01 12:03:52.495+00:00, 792
2023-02-01 12:03:53.316+00:00, 847
2023-02-01 12:03:53.628+00:00, 285
2023-02-01 12:03:54.136+00:00, 542
2023-02-01 12:03:55.855+00:00, 1710
2023-02-01 12:03:56.714+00:00, 835
2023-02-01 12:03:57.535+00:00, 851
2023-02-01 12:03:58.355+00:00, 804
2023-02-01 12:03:58.706+00:00, 355
2023-02-01 12:03:59.175+00:00, 468
2023-02-01 12:03:59.995+00:00, 808
2023-02-01 12:04:00.777+00:00, 804
2023-02-01 12:04:01.597+00:00, 800
2023-02-01 12:04:02.378+00:00, 792
2023-02-01 12:04:03.199+00:00, 800
2023-02-01 12:04:04.019+00:00, 820
2023-02-01 12:04:04.839+00:00, 824
2023-02-01 12:04:05.660+00:00, 820
2023-02-01 12:04:06.480+00:00, 820
2023-02-01 12:04:07.300+00:00, 820
2023-02-01 12:04:08.120+00:00, 816
2023-02-01 12:04:08.941+00:00, 824
2023-02-01 12:04:09.761+00:00, 808
2023-02-01 12:04:10.542+00:00, 808
2023-02-01 12:04:11.363+00:00, 796
2023-02-01 12:04:12.144+00:00, 796
2023-02-01 12:04:12.964+00:00, 800
2023-02-01 12:04:13.433+00:00, 492
2023-02-01 12:04:13.745+00:00, 316
2023-02-01 12:04:14.566+00:00, 796
2023-02-01 12:04:15.347+00:00, 796
2023-02-01 12:04:16.128+00:00, 796
2023-02-01 12:04:16.949+00:00, 796
2023-02-01 12:04:17.730+00:00, 804
2023-02-01 12:04:18.120+00:00, 375
2023-02-01 12:04:18.550+00:00, 425
2023-02-01 12:04:19.331+00:00, 792
2023-02-01 12:04:20.113+00:00, 789
2023-02-01 12:04:20.894+00:00, 773
2023-02-01 12:04:21.675+00:00, 765
2023-02-01 12:04:22.456+00:00, 781
2023-02-01 12:04:23.238+00:00, 785
2023-02-01 12:04:24.019+00:00, 781
2023-02-01 12:04:24.800+00:00, 777
2023-02-01 12:04:25.581+00:00, 773
2023-02-01 12:04:26.324+00:00, 773
2023-02-01 12:04:27.105+00:00, 773
2023-02-01 12:04:27.886+00:00, 777
2023-02-01 12:04:28.394+00:00, 488
2023-02-01 12:04:28.667+00:00, 300
2023-02-01 12:04:29.449+00:00, 769
2023-02-01 12:04:30.230+00:00, 773
2023-02-01 12:04:30.972+00:00, 765
2023-02-01 12:04:31.753+00:00, 761
2023-02-01 12:04:32.535+00:00, 777
2023-02-01 12:04:33.316+00:00, 785
2023-02-01 12:04:34.097+00:00, 789
2023-02-01 12:04:34.878+00:00, 773
2023-02-01 12:04:35.581+00:00, 699
2023-02-01 12:04:36.402+00:00, 843
2023-02-01 12:04:37.183+00:00, 769
2023-02-01 12:04:37.964+00:00, 777
2023-02-01 12:04:38.745+00:00, 777
2023-02-01 12:04:39.527+00:00, 777
2023-02-01 12:04:40.035+00:00, 507
2023-02-01 12:04:40.308+00:00, 261
2023-02-01 12:04:41.050+00:00, 769
2023-02-01 12:04:41.831+00:00, 773
2023-02-01 12:04:42.613+00:00, 785
2023-02-01 12:04:43.394+00:00, 789
2023-02-01 12:04:44.175+00:00, 781
2023-02-01 12:04:44.995+00:00, 800
2023-02-01 12:04:45.738+00:00, 734
2023-02-01 12:04:46.480+00:00, 757
2023-02-01 12:04:47.261+00:00, 765
2023-02-01 12:04:47.769+00:00, 507
2023-02-01 12:04:48.003+00:00, 261
2023-02-01 12:04:48.785+00:00, 753
2023-02-01 12:04:49.527+00:00, 761
2023-02-01 12:04:50.308+00:00, 757
2023-02-01 12:04:51.050+00:00, 742
2023-02-01 12:04:51.792+00:00, 746
2023-02-01 12:04:52.535+00:00, 746
2023-02-01 12:04:53.277+00:00, 750
2023-02-01 12:04:54.019+00:00, 761
2023-02-01 12:04:54.800+00:00, 753
2023-02-01 12:04:55.230+00:00, 429
2023-02-01 12:04:55.542+00:00, 324
2023-02-01 12:04:56.285+00:00, 753
2023-02-01 12:04:57.066+00:00, 765
2023-02-01 12:04:57.613+00:00, 539
2023-02-01 12:04:57.808+00:00, 195
2023-02-01 12:04:58.589+00:00, 796
2023-02-01 12:04:59.331+00:00, 750
2023-02-01 12:05:00.113+00:00, 769
2023-02-01 12:05:00.816+00:00, 707
2023-02-01 12:05:01.558+00:00, 726
2023-02-01 12:05:02.105+00:00, 546
2023-02-01 12:05:02.300+00:00, 195
2023-02-01 12:05:03.003+00:00, 699
2023-02-01 12:05:03.706+00:00, 714
2023-02-01 12:05:04.410+00:00, 710
2023-02-01 12:05:05.113+00:00, 699
2023-02-01 12:05:05.816+00:00, 710
2023-02-01 12:05:06.519+00:00, 707
2023-02-01 12:05:07.261+00:00, 718
2023-02-01 12:05:07.964+00:00, 722
2023-02-01 12:05:08.706+00:00, 746
2023-02-01 12:05:09.449+00:00, 714
2023-02-01 12:05:10.152+00:00, 722
2023-02-01 12:05:10.894+00:00, 734
2023-02-01 12:05:11.636+00:00, 742
2023-02-01 12:05:12.378+00:00, 730
2023-02-01 12:05:13.081+00:00, 734
2023-02-01 12:05:13.824+00:00, 730
2023-02-01 12:05:14.566+00:00, 722
2023-02-01 12:05:15.269+00:00, 726
2023-02-01 12:05:16.011+00:00, 734
2023-02-01 12:05:16.753+00:00, 746
2023-02-01 12:05:17.495+00:00, 734
2023-02-01 12:05:18.238+00:00, 738
2023-02-01 12:05:18.980+00:00, 738
2023-02-01 12:05:19.683+00:00, 730
2023-02-01 12:05:20.425+00:00, 734
2023-02-01 12:05:21.167+00:00, 742
2023-02-01 12:05:21.910+00:00, 742
2023-02-01 12:05:22.652+00:00, 750
2023-02-01 12:05:23.394+00:00, 738
2023-02-01 12:05:24.136+00:00, 738
2023-02-01 12:05:24.878+00:00, 726
2023-02-01 12:05:25.620+00:00, 738
2023-02-01 12:05:26.363+00:00, 750
2023-02-01 12:05:27.105+00:00, 757
2023-02-01 12:05:27.886+00:00, 757
2023-02-01 12:05:28.628+00:00, 757
2023-02-01 12:05:29.370+00:00, 750
2023-02-01 12:05:30.113+00:00, 734
2023-02-01 12:05:30.855+00:00, 734
2023-02-01 12:05:31.597+00:00, 734
2023-02-01 12:05:32.339+00:00, 742
2023-02-01 12:05:32.925+00:00, 601
2023-02-01 12:05:33.785+00:00, 871
2023-02-01 12:05:34.527+00:00, 730
2023-02-01 12:05:35.269+00:00, 722
2023-02-01 12:05:35.972+00:00, 730
2023-02-01 12:05:36.714+00:00, 730
2023-02-01 12:05:37.456+00:00, 730
2023-02-01 12:05:38.160+00:00, 722
2023-02-01 12:05:38.902+00:00, 722
2023-02-01 12:05:39.605+00:00, 710
2023-02-01 12:05:40.308+00:00, 714
2023-02-01 12:05:41.011+00:00, 699
2023-02-01 12:05:41.714+00:00, 687
2023-02-01 12:05:42.378+00:00, 683
2023-02-01 12:05:43.081+00:00, 687
2023-02-01 12:05:43.745+00:00, 687
2023-02-01 12:05:44.449+00:00, 691
2023-02-01 12:05:45.152+00:00, 687
2023-02-01 12:05:45.855+00:00, 695
2023-02-01 12:05:46.519+00:00, 687
2023-02-01 12:05:47.222+00:00, 695
2023-02-01 12:05:47.925+00:00, 710
2023-02-01 12:05:48.667+00:00, 718
2023-02-01 12:05:49.370+00:00, 718
2023-02-01 12:05:50.113+00:00, 730
2023-02-01 12:05:50.816+00:00, 726
2023-02-01 12:05:51.558+00:00, 726
2023-02-01 12:05:52.261+00:00, 726
2023-02-01 12:05:53.003+00:00, 730
2023-02-01 12:05:53.745+00:00, 726
2023-02-01 12:05:54.449+00:00, 722
2023-02-01 12:05:55.191+00:00, 718
2023-02-01 12:05:55.894+00:00, 710
2023-02-01 12:05:56.597+00:00, 710
2023-02-01 12:05:57.300+00:00, 714
2023-02-01 12:05:58.042+00:00, 734
2023-02-01 12:05:58.785+00:00, 734
2023-02-01 12:05:59.527+00:00, 738
2023-02-01 12:06:00.269+00:00, 738
2023-02-01 12:06:00.972+00:00, 730
2023-02-01 12:06:01.753+00:00, 750
2023-02-01 12:06:02.495+00:00, 742
2023-02-01 12:06:03.238+00:00, 746
2023-02-01 12:06:03.980+00:00, 742
2023-02-01 12:06:04.722+00:00, 742
2023-02-01 12:06:05.464+00:00, 738
2023-02-01 12:06:06.206+00:00, 738
2023-02-01 12:06:06.949+00:00, 742
2023-02-01 12:06:07.691+00:00, 761
2023-02-01 12:06:08.472+00:00, 761
2023-02-01 12:06:09.214+00:00, 761
2023-02-01 12:06:09.956+00:00, 757
2023-02-01 12:06:10.738+00:00, 746
2023-02-01 12:06:11.480+00:00, 750
2023-02-01 12:06:12.222+00:00, 750
2023-02-01 12:06:12.964+00:00, 750
2023-02-01 12:06:13.706+00:00, 750
2023-02-01 12:06:14.488+00:00, 753
2023-02-01 12:06:15.230+00:00, 738
2023-02-01 12:06:15.933+00:00, 738
2023-02-01 12:06:16.675+00:00, 742
2023-02-01 12:06:17.417+00:00, 742
2023-02-01 12:06:18.199+00:00, 746
2023-02-01 12:06:18.941+00:00, 746
2023-02-01 12:06:19.683+00:00, 738
2023-02-01 12:06:20.386+00:00, 738
2023-02-01 12:06:21.128+00:00, 742
2023-02-01 12:06:21.870+00:00, 742
2023-02-01 12:06:22.613+00:00, 742
2023-02-01 12:06:23.355+00:00, 734
2023-02-01 12:06:24.097+00:00, 730
2023-02-01 12:06:24.839+00:00, 726
2023-02-01 12:06:25.542+00:00, 738
2023-02-01 12:06:26.285+00:00, 738
2023-02-01 12:06:27.066+00:00, 750
2023-02-01 12:06:27.808+00:00, 757
2023-02-01 12:06:28.550+00:00, 753
2023-02-01 12:06:29.292+00:00, 750
2023-02-01 12:06:30.035+00:00, 742
2023-02-01 12:06:30.777+00:00, 742
2023-02-01 12:06:31.519+00:00, 742
2023-02-01 12:06:32.261+00:00, 738
2023-02-01 12:06:33.003+00:00, 734
2023-02-01 12:06:33.745+00:00, 726
2023-02-01 12:06:34.449+00:00, 722
2023-02-01 12:06:35.152+00:00, 710
2023-02-01 12:06:35.894+00:00, 726
2023-02-01 12:06:36.636+00:00, 726
2023-02-01 12:06:37.339+00:00, 734
2023-02-01 12:06:38.081+00:00, 738
2023-02-01 12:06:38.824+00:00, 726
2023-02-01 12:06:39.566+00:00, 726
2023-02-01 12:06:40.269+00:00, 722
2023-02-01 12:06:41.011+00:00, 726
2023-02-01 12:06:41.753+00:00, 742
2023-02-01 12:06:42.495+00:00, 738
2023-02-01 12:06:43.199+00:00, 738
2023-02-01 12:06:43.941+00:00, 734
2023-02-01 12:06:44.683+00:00, 730
2023-02-01 12:06:45.425+00:00, 726
2023-02-01 12:06:46.128+00:00, 726
2023-02-01 12:06:46.870+00:00, 730
2023-02-01 12:06:47.613+00:00, 730
2023-02-01 12:06:48.316+00:00, 734
2023-02-01 12:06:49.058+00:00, 730
2023-02-01 12:06:49.761+00:00, 714
2023-02-01 12:06:50.503+00:00, 710
2023-02-01 12:06:51.206+00:00, 718
2023-02-01 12:06:51.910+00:00, 722
2023-02-01 12:06:52.652+00:00, 726
2023-02-01 12:06:53.355+00:00, 714
2023-02-01 12:06:54.097+00:00, 722
2023-02-01 12:06:54.800+00:00, 714
2023-02-01 12:06:55.503+00:00, 710
2023-02-01 12:06:56.245+00:00, 722
2023-02-01 12:06:56.949+00:00, 722
2023-02-01 12:06:57.691+00:00, 722
2023-02-01 12:06:58.394+00:00, 718
2023-02-01 12:06:59.097+00:00, 710
2023-02-01 12:06:59.800+00:00, 703
2023-02-01 12:07:00.542+00:00, 710
2023-02-01 12:07:01.245+00:00, 710
2023-02-01 12:07:01.949+00:00, 718
2023-02-01 12:07:02.691+00:00, 718
2023-02-01 12:07:03.394+00:00, 710
2023-02-01 12:07:04.097+00:00, 710
2023-02-01 12:07:04.800+00:00, 710
2023-02-01 12:07:05.503+00:00, 707
2023-02-01 12:07:06.206+00:00, 707
2023-02-01 12:07:06.949+00:00, 707
2023-02-01 12:07:07.652+00:00, 707
2023-02-01 12:07:08.355+00:00, 714
2023-02-01 12:07:09.058+00:00, 707
2023-02-01 12:07:09.761+00:00, 710
2023-02-01 12:07:10.503+00:00, 722
2023-02-01 12:07:11.245+00:00, 746
2023-02-01 12:07:11.988+00:00, 750
2023-02-01 12:07:12.730+00:00, 746
2023-02-01 12:07:13.472+00:00, 742
2023-02-01 12:07:14.214+00:00, 746
2023-02-01 12:07:14.956+00:00, 750
2023-02-01 12:07:15.738+00:00, 753
2023-02-01 12:07:16.480+00:00, 750
2023-02-01 12:07:17.222+00:00, 746
2023-02-01 12:07:17.964+00:00, 753
2023-02-01 12:07:18.745+00:00, 765
2023-02-01 12:07:19.527+00:00, 765
2023-02-01 12:07:20.269+00:00, 765
2023-02-01 12:07:20.464+00:00, 195
2023-02-01 12:07:21.050+00:00, 574
2023-02-01 12:07:21.831+00:00, 769
2023-02-01 12:07:22.574+00:00, 773
2023-02-01 12:07:23.355+00:00, 765
2023-02-01 12:07:24.019+00:00, 656
2023-02-01 12:07:24.878+00:00, 867
2023-02-01 12:07:25.660+00:00, 765
2023-02-01 12:07:26.402+00:00, 769
2023-02-01 12:07:27.183+00:00, 761
2023-02-01 12:07:27.964+00:00, 773
2023-02-01 12:07:28.706+00:00, 761
2023-02-01 12:07:29.488+00:00, 769
2023-02-01 12:07:30.269+00:00, 777
2023-02-01 12:07:31.050+00:00, 785
2023-02-01 12:07:31.831+00:00, 792
2023-02-01 12:07:32.613+00:00, 781
2023-02-01 12:07:33.394+00:00, 781
2023-02-01 12:07:34.175+00:00, 773
2023-02-01 12:07:34.956+00:00, 781
2023-02-01 12:07:35.738+00:00, 785
2023-02-01 12:07:36.519+00:00, 792
2023-02-01 12:07:37.339+00:00, 792
2023-02-01 12:07:38.120+00:00, 781
2023-02-01 12:07:38.863+00:00, 777
2023-02-01 12:07:39.644+00:00, 777
2023-02-01 12:07:40.425+00:00, 765
2023-02-01 12:07:41.167+00:00, 761
2023-02-01 12:07:41.949+00:00, 750
2023-02-01 12:07:42.691+00:00, 746
2023-02-01 12:07:43.433+00:00, 742
2023-02-01 12:07:44.175+00:00, 750
2023-02-01 12:07:44.917+00:00, 753
2023-02-01 12:07:45.660+00:00, 750
2023-02-01 12:07:46.324+00:00, 632
2023-02-01 12:07:47.183+00:00, 871
2023-02-01 12:07:47.964+00:00, 765
2023-02-01 12:07:48.706+00:00, 761
2023-02-01 12:07:49.488+00:00, 761
2023-02-01 12:07:50.230+00:00, 757
2023-02-01 12:07:50.972+00:00, 750
2023-02-01 12:07:51.714+00:00, 750
2023-02-01 12:07:52.456+00:00, 746
2023-02-01 12:07:53.238+00:00, 757
2023-02-01 12:07:53.980+00:00, 757
2023-02-01 12:07:54.761+00:00, 753
2023-02-01 12:07:55.503+00:00, 753
2023-02-01 12:07:56.245+00:00, 742
2023-02-01 12:07:57.027+00:00, 800
2023-02-01 12:07:59.214+00:00, 0
2023-02-01 12:08:00.230+00:00, 1027
2023-02-01 12:08:00.699+00:00, 441
2023-02-01 12:08:01.441+00:00, 734
2023-02-01 12:08:02.144+00:00, 734
2023-02-01 12:08:02.886+00:00, 738
2023-02-01 12:08:03.628+00:00, 742
2023-02-01 12:08:04.370+00:00, 742
2023-02-01 12:08:05.113+00:00, 738
2023-02-01 12:08:05.855+00:00, 730
2023-02-01 12:08:06.597+00:00, 738
2023-02-01 12:08:07.339+00:00, 738
2023-02-01 12:08:08.081+00:00, 742
2023-02-01 12:08:08.785+00:00, 734
2023-02-01 12:08:09.527+00:00, 738
2023-02-01 12:08:10.269+00:00, 722
2023-02-01 12:08:10.972+00:00, 722
2023-02-01 12:08:11.714+00:00, 730
2023-02-01 12:08:12.456+00:00, 730
2023-02-01 12:08:13.160+00:00, 730
2023-02-01 12:08:13.902+00:00, 726
2023-02-01 12:08:14.644+00:00, 722
2023-02-01 12:08:15.347+00:00, 714
2023-02-01 12:08:15.542+00:00, 195
2023-02-01 12:08:16.050+00:00, 519
2023-02-01 12:08:16.753+00:00, 714
2023-02-01 12:08:17.495+00:00, 722
2023-02-01 12:08:18.199+00:00, 714
2023-02-01 12:08:18.941+00:00, 714
2023-02-01 12:08:19.644+00:00, 707
2023-02-01 12:08:20.347+00:00, 703
2023-02-01 12:08:21.050+00:00, 707
2023-02-01 12:08:21.753+00:00, 707
2023-02-01 12:08:22.456+00:00, 707
2023-02-01 12:08:23.160+00:00, 707
2023-02-01 12:08:23.863+00:00, 714
2023-02-01 12:08:24.605+00:00, 710
2023-02-01 12:08:25.308+00:00, 710
2023-02-01 12:08:26.011+00:00, 726
2023-02-01 12:08:26.753+00:00, 734
2023-02-01 12:08:27.495+00:00, 738
2023-02-01 12:08:28.238+00:00, 734
2023-02-01 12:08:28.980+00:00, 730
2023-02-01 12:08:29.683+00:00, 718
2023-02-01 12:08:30.386+00:00, 722
2023-02-01 12:08:31.128+00:00, 718
2023-02-01 12:08:31.831+00:00, 722
2023-02-01 12:08:32.574+00:00, 710
2023-02-01 12:08:33.277+00:00, 710
2023-02-01 12:08:33.980+00:00, 703
2023-02-01 12:08:34.683+00:00, 703
2023-02-01 12:08:35.386+00:00, 710
2023-02-01 12:08:36.089+00:00, 714
2023-02-01 12:08:36.831+00:00, 726
2023-02-01 12:08:37.535+00:00, 722
2023-02-01 12:08:38.277+00:00, 726
2023-02-01 12:08:38.980+00:00, 722
2023-02-01 12:08:39.722+00:00, 714
2023-02-01 12:08:40.425+00:00, 726
2023-02-01 12:08:41.167+00:00, 718
2023-02-01 12:08:41.870+00:00, 714
2023-02-01 12:08:42.574+00:00, 714
2023-02-01 12:08:43.277+00:00, 703
2023-02-01 12:08:43.980+00:00, 707
2023-02-01 12:08:44.722+00:00, 707
2023-02-01 12:08:45.425+00:00, 710
2023-02-01 12:08:46.128+00:00, 710
2023-02-01 12:08:46.831+00:00, 710
2023-02-01 12:08:47.535+00:00, 710
2023-02-01 12:08:48.277+00:00, 710
2023-02-01 12:08:48.980+00:00, 718
2023-02-01 12:08:49.683+00:00, 722
2023-02-01 12:08:50.425+00:00, 722
2023-02-01 12:08:51.167+00:00, 738
2023-02-01 12:08:51.910+00:00, 730
2023-02-01 12:08:52.613+00:00, 726
2023-02-01 12:08:53.355+00:00, 726
2023-02-01 12:08:54.097+00:00, 734
2023-02-01 12:08:54.800+00:00, 730
2023-02-01 12:08:55.542+00:00, 730
2023-02-01 12:08:56.285+00:00, 726
2023-02-01 12:08:56.988+00:00, 714
2023-02-01 12:08:57.691+00:00, 714
2023-02-01 12:08:58.433+00:00, 722
2023-02-01 12:08:59.136+00:00, 726
2023-02-01 12:08:59.878+00:00, 730
2023-02-01 12:09:00.620+00:00, 726
2023-02-01 12:09:01.324+00:00, 726
2023-02-01 12:09:02.066+00:00, 722
2023-02-01 12:09:02.769+00:00, 734
2023-02-01 12:09:03.511+00:00, 726
2023-02-01 12:09:04.253+00:00, 730
2023-02-01 12:09:04.956+00:00, 726
2023-02-01 12:09:05.699+00:00, 718
2023-02-01 12:09:06.402+00:00, 718
2023-02-01 12:09:07.144+00:00, 726
2023-02-01 12:09:07.847+00:00, 730
2023-02-01 12:09:08.589+00:00, 734
2023-02-01 12:09:09.331+00:00, 734
2023-02-01 12:09:10.074+00:00, 726
2023-02-01 12:09:10.777+00:00, 718
2023-02-01 12:09:11.480+00:00, 714
2023-02-01 12:09:12.222+00:00, 718
2023-02-01 12:09:12.925+00:00, 726
2023-02-01 12:09:13.667+00:00, 730
2023-02-01 12:09:14.410+00:00, 730
2023-02-01 12:09:15.152+00:00, 734
2023-02-01 12:09:15.855+00:00, 730
2023-02-01 12:09:16.597+00:00, 730
2023-02-01 12:09:17.339+00:00, 738
2023-02-01 12:09:18.081+00:00, 738
2023-02-01 12:09:18.824+00:00, 742
2023-02-01 12:09:19.566+00:00, 734
2023-02-01 12:09:20.269+00:00, 726
2023-02-01 12:09:21.011+00:00, 726
2023-02-01 12:09:21.714+00:00, 730
2023-02-01 12:09:22.456+00:00, 742
2023-02-01 12:09:23.238+00:00, 750
2023-02-01 12:09:23.980+00:00, 750
2023-02-01 12:09:24.722+00:00, 742
2023-02-01 12:09:25.464+00:00, 746
2023-02-01 12:09:26.206+00:00, 738
2023-02-01 12:09:26.949+00:00, 746
2023-02-01 12:09:27.691+00:00, 753
2023-02-01 12:09:28.433+00:00, 750
2023-02-01 12:09:29.214+00:00, 750
2023-02-01 12:09:29.956+00:00, 738
2023-02-01 12:09:30.660+00:00, 730
2023-02-01 12:09:31.402+00:00, 722
2023-02-01 12:09:32.105+00:00, 726
2023-02-01 12:09:32.847+00:00, 734
2023-02-01 12:09:33.589+00:00, 726
2023-02-01 12:09:34.292+00:00, 722
2023-02-01 12:09:35.035+00:00, 718
2023-02-01 12:09:35.738+00:00, 718
2023-02-01 12:09:36.480+00:00, 738
2023-02-01 12:09:37.222+00:00, 742
2023-02-01 12:09:37.964+00:00, 750
2023-02-01 12:09:38.706+00:00, 738
2023-02-01 12:09:39.449+00:00, 738
2023-02-01 12:09:40.191+00:00, 726
2023-02-01 12:09:40.894+00:00, 718
2023-02-01 12:09:41.636+00:00, 726
2023-02-01 12:09:42.339+00:00, 722
2023-02-01 12:09:43.081+00:00, 726
2023-02-01 12:09:43.785+00:00, 718
2023-02-01 12:09:44.488+00:00, 718
2023-02-01 12:09:45.230+00:00, 714
2023-02-01 12:09:45.933+00:00, 714
2023-02-01 12:09:46.675+00:00, 730
2023-02-01 12:09:47.378+00:00, 730
2023-02-01 12:09:48.120+00:00, 734
2023-02-01 12:09:48.863+00:00, 730
2023-02-01 12:09:49.605+00:00, 730
2023-02-01 12:09:50.308+00:00, 722
2023-02-01 12:09:51.050+00:00, 730
2023-02-01 12:09:51.792+00:00, 738
2023-02-01 12:09:52.535+00:00, 734
2023-02-01 12:09:53.277+00:00, 746
2023-02-01 12:09:54.019+00:00, 738
2023-02-01 12:09:54.761+00:00, 742
2023-02-01 12:09:55.464+00:00, 738
2023-02-01 12:09:56.206+00:00, 738
2023-02-01 12:09:56.949+00:00, 742
2023-02-01 12:09:57.730+00:00, 750
2023-02-01 12:09:58.433+00:00, 738
2023-02-01 12:09:59.175+00:00, 738
2023-02-01 12:09:59.917+00:00, 730
2023-02-01 12:10:00.660+00:00, 742
2023-02-01 12:10:01.402+00:00, 750
2023-02-01 12:10:02.183+00:00, 757
2023-02-01 12:10:02.925+00:00, 757
2023-02-01 12:10:03.667+00:00, 753
2023-02-01 12:10:04.410+00:00, 742
2023-02-01 12:10:05.152+00:00, 738
2023-02-01 12:10:05.894+00:00, 742
2023-02-01 12:10:06.636+00:00, 746
2023-02-01 12:10:07.378+00:00, 746
2023-02-01 12:10:08.120+00:00, 738
2023-02-01 12:10:08.863+00:00, 738
2023-02-01 12:10:09.605+00:00, 730
2023-02-01 12:10:10.347+00:00, 734
2023-02-01 12:10:11.089+00:00, 734
2023-02-01 12:10:11.792+00:00, 730
2023-02-01 12:10:12.535+00:00, 718
2023-02-01 12:10:13.238+00:00, 714
2023-02-01 12:10:13.941+00:00, 710
2023-02-01 12:10:14.644+00:00, 703
2023-02-01 12:10:15.347+00:00, 707
2023-02-01 12:10:16.050+00:00, 710
2023-02-01 12:10:16.792+00:00, 726
2023-02-01 12:10:17.535+00:00, 730
2023-02-01 12:10:18.277+00:00, 734
2023-02-01 12:10:18.980+00:00, 722
2023-02-01 12:10:19.683+00:00, 718
2023-02-01 12:10:20.425+00:00, 707
2023-02-01 12:10:21.128+00:00, 710
2023-02-01 12:10:21.831+00:00, 710
2023-02-01 12:10:22.535+00:00, 718
2023-02-01 12:10:23.277+00:00, 722
2023-02-01 12:10:23.980+00:00, 714
2023-02-01 12:10:24.683+00:00, 710
2023-02-01 12:10:25.386+00:00, 707
2023-02-01 12:10:26.128+00:00, 710
2023-02-01 12:10:26.831+00:00, 707
2023-02-01 12:10:27.535+00:00, 722
2023-02-01 12:10:28.277+00:00, 722
2023-02-01 12:10:28.980+00:00, 722
2023-02-01 12:10:29.722+00:00, 718
2023-02-01 12:10:30.425+00:00, 718
2023-02-01 12:10:31.128+00:00, 714
2023-02-01 12:10:31.870+00:00, 710
2023-02-01 12:10:32.574+00:00, 714
2023-02-01 12:10:32.886+00:00, 332
2023-02-01 12:10:33.277+00:00, 382
2023-02-01 12:10:33.980+00:00, 710
2023-02-01 12:10:34.722+00:00, 710
2023-02-01 12:10:35.425+00:00, 707
2023-02-01 12:10:36.128+00:00, 699
2023-02-01 12:10:36.792+00:00, 695
2023-02-01 12:10:37.495+00:00, 699
2023-02-01 12:10:38.199+00:00, 703
2023-02-01 12:10:38.902+00:00, 710
2023-02-01 12:10:39.644+00:00, 714
2023-02-01 12:10:40.347+00:00, 710
2023-02-01 12:10:41.050+00:00, 714
2023-02-01 12:10:41.753+00:00, 703
2023-02-01 12:10:42.456+00:00, 707
2023-02-01 12:10:43.199+00:00, 710
2023-02-01 12:10:43.902+00:00, 714
2023-02-01 12:10:44.605+00:00, 718
2023-02-01 12:10:45.308+00:00, 710
2023-02-01 12:10:46.050+00:00, 718
2023-02-01 12:10:46.753+00:00, 710
2023-02-01 12:10:47.456+00:00, 703
2023-02-01 12:10:48.160+00:00, 710
2023-02-01 12:10:48.902+00:00, 714
2023-02-01 12:10:49.605+00:00, 722
2023-02-01 12:10:50.347+00:00, 730
2023-02-01 12:10:51.050+00:00, 714
2023-02-01 12:10:51.753+00:00, 714
2023-02-01 12:10:52.456+00:00, 707
2023-02-01 12:10:53.160+00:00, 703
2023-02-01 12:10:53.902+00:00, 714
2023-02-01 12:10:54.605+00:00, 718
2023-02-01 12:10:55.347+00:00, 718
2023-02-01 12:10:56.050+00:00, 714
2023-02-01 12:10:56.753+00:00, 710
2023-02-01 12:10:57.456+00:00, 710
2023-02-01 12:10:58.160+00:00, 699
2023-02-01 12:10:58.863+00:00, 699
2023-02-01 12:10:59.566+00:00, 707
2023-02-01 12:11:00.269+00:00, 707
2023-02-01 12:11:00.972+00:00, 703
2023-02-01 12:11:01.675+00:00, 707
2023-02-01 12:11:02.378+00:00, 707
2023-02-01 12:11:03.081+00:00, 699
2023-02-01 12:11:03.785+00:00, 703
2023-02-01 12:11:04.527+00:00, 718
2023-02-01 12:11:05.230+00:00, 730
2023-02-01 12:11:05.972+00:00, 734
2023-02-01 12:11:06.714+00:00, 734
2023-02-01 12:11:07.456+00:00, 726
2023-02-01 12:11:08.160+00:00, 722
2023-02-01 12:11:08.863+00:00, 714
2023-02-01 12:11:09.605+00:00, 718
2023-02-01 12:11:10.308+00:00, 714
2023-02-01 12:11:11.011+00:00, 710
2023-02-01 12:11:11.714+00:00, 703
2023-02-01 12:11:12.417+00:00, 707
2023-02-01 12:11:13.120+00:00, 695
2023-02-01 12:11:13.824+00:00, 699
2023-02-01 12:11:14.527+00:00, 703
2023-02-01 12:11:15.230+00:00, 714
2023-02-01 12:11:15.972+00:00, 714
2023-02-01 12:11:16.675+00:00, 718
2023-02-01 12:11:17.378+00:00, 714
2023-02-01 12:11:18.120+00:00, 707
2023-02-01 12:11:18.824+00:00, 703
2023-02-01 12:11:19.527+00:00, 710
2023-02-01 12:11:20.230+00:00, 718
2023-02-01 12:11:20.972+00:00, 718
2023-02-01 12:11:21.675+00:00, 714
2023-02-01 12:11:22.378+00:00, 718
2023-02-01 12:11:23.081+00:00, 703
2023-02-01 12:11:23.785+00:00, 703
2023-02-01 12:11:24.488+00:00, 703
2023-02-01 12:11:25.191+00:00, 699
2023-02-01 12:11:25.894+00:00, 707
2023-02-01 12:11:26.636+00:00, 714
2023-02-01 12:11:27.339+00:00, 710
2023-02-01 12:11:28.042+00:00, 707
2023-02-01 12:11:28.745+00:00, 714
2023-02-01 12:11:29.449+00:00, 714
2023-02-01 12:11:30.191+00:00, 714
2023-02-01 12:11:30.894+00:00, 707
2023-02-01 12:11:31.597+00:00, 707
2023-02-01 12:11:32.300+00:00, 703
2023-02-01 12:11:33.003+00:00, 695
2023-02-01 12:11:33.706+00:00, 703
2023-02-01 12:11:34.410+00:00, 714
2023-02-01 12:11:35.113+00:00, 714
2023-02-01 12:11:35.855+00:00, 714
2023-02-01 12:11:36.558+00:00, 714
2023-02-01 12:11:37.261+00:00, 710
2023-02-01 12:11:37.964+00:00, 703
2023-02-01 12:11:38.667+00:00, 710
2023-02-01 12:11:39.410+00:00, 714
2023-02-01 12:11:40.113+00:00, 722
2023-02-01 12:11:40.855+00:00, 722
2023-02-01 12:11:41.558+00:00, 718
2023-02-01 12:11:42.261+00:00, 718
2023-02-01 12:11:43.003+00:00, 722
2023-02-01 12:11:43.706+00:00, 722
2023-02-01 12:11:44.449+00:00, 718
2023-02-01 12:11:45.152+00:00, 722
2023-02-01 12:11:45.855+00:00, 707
2023-02-01 12:11:46.597+00:00, 707
2023-02-01 12:11:47.261+00:00, 699
2023-02-01 12:11:47.964+00:00, 699
2023-02-01 12:11:48.667+00:00, 707
2023-02-01 12:11:49.410+00:00, 710
2023-02-01 12:11:50.113+00:00, 714
2023-02-01 12:11:50.816+00:00, 718
2023-02-01 12:11:51.558+00:00, 718
2023-02-01 12:11:52.261+00:00, 714
2023-02-01 12:11:52.964+00:00, 718
2023-02-01 12:11:53.706+00:00, 718
2023-02-01 12:11:54.410+00:00, 714
2023-02-01 12:11:55.113+00:00, 707
2023-02-01 12:11:55.816+00:00, 707
2023-02-01 12:11:56.519+00:00, 695
2023-02-01 12:11:57.222+00:00, 703
2023-02-01 12:11:57.925+00:00, 703
2023-02-01 12:11:58.628+00:00, 707
2023-02-01 12:11:59.331+00:00, 710
2023-02-01 12:12:00.074+00:00, 710
2023-02-01 12:12:00.777+00:00, 710
2023-02-01 12:12:01.480+00:00, 707
2023-02-01 12:12:02.183+00:00, 710
2023-02-01 12:12:02.886+00:00, 714
2023-02-01 12:12:03.628+00:00, 718
2023-02-01 12:12:04.331+00:00, 718
2023-02-01 12:12:05.035+00:00, 710
2023-02-01 12:12:05.777+00:00, 707
2023-02-01 12:12:06.480+00:00, 707
2023-02-01 12:12:07.183+00:00, 714
2023-02-01 12:12:07.886+00:00, 714
2023-02-01 12:12:08.628+00:00, 718
2023-02-01 12:12:09.331+00:00, 718
2023-02-01 12:12:10.035+00:00, 714
2023-02-01 12:12:10.777+00:00, 710
2023-02-01 12:12:11.480+00:00, 722
2023-02-01 12:12:12.222+00:00, 742
2023-02-01 12:12:12.964+00:00, 746
2023-02-01 12:12:13.706+00:00, 742
2023-02-01 12:12:14.449+00:00, 746
2023-02-01 12:12:15.191+00:00, 742
2023-02-01 12:12:15.933+00:00, 738
2023-02-01 12:12:16.675+00:00, 738
2023-02-01 12:12:17.417+00:00, 746
2023-02-01 12:12:18.160+00:00, 742
2023-02-01 12:12:18.902+00:00, 738
2023-02-01 12:12:19.644+00:00, 726
2023-02-01 12:12:20.347+00:00, 714
2023-02-01 12:12:21.050+00:00, 710
2023-02-01 12:12:21.753+00:00, 699
2023-02-01 12:12:22.456+00:00, 699
2023-02-01 12:12:23.160+00:00, 710
2023-02-01 12:12:23.902+00:00, 718
2023-02-01 12:12:24.605+00:00, 718
2023-02-01 12:12:25.308+00:00, 722
2023-02-01 12:12:26.050+00:00, 714
2023-02-01 12:12:26.753+00:00, 707
2023-02-01 12:12:27.456+00:00, 699
2023-02-01 12:12:28.120+00:00, 691
2023-02-01 12:12:28.824+00:00, 687
2023-02-01 12:12:29.488+00:00, 675
2023-02-01 12:12:30.191+00:00, 679
2023-02-01 12:12:30.855+00:00, 679
2023-02-01 12:12:31.558+00:00, 679
2023-02-01 12:12:32.222+00:00, 691
2023-02-01 12:12:32.925+00:00, 691
2023-02-01 12:12:33.589+00:00, 679
2023-02-01 12:12:34.292+00:00, 687
2023-02-01 12:12:34.995+00:00, 699
2023-02-01 12:12:35.699+00:00, 718
2023-02-01 12:12:36.441+00:00, 734
2023-02-01 12:12:37.183+00:00, 742
2023-02-01 12:12:37.925+00:00, 738
2023-02-01 12:12:38.667+00:00, 742
2023-02-01 12:12:39.410+00:00, 730
2023-02-01 12:12:39.683+00:00, 304
2023-02-01 12:12:41.558+00:00, 1859
2023-02-01 12:12:42.964+00:00, 1410
2023-02-01 12:12:43.667+00:00, 695
2023-02-01 12:12:44.370+00:00, 691
2023-02-01 12:12:45.074+00:00, 699
2023-02-01 12:12:45.777+00:00, 703
2023-02-01 12:12:46.480+00:00, 707
2023-02-01 12:12:47.183+00:00, 714
2023-02-01 12:12:47.886+00:00, 714
2023-02-01 12:12:48.589+00:00, 710
2023-02-01 12:12:49.331+00:00, 707
2023-02-01 12:12:50.035+00:00, 703
2023-02-01 12:12:50.738+00:00, 710
2023-02-01 12:12:51.441+00:00, 710
2023-02-01 12:12:52.144+00:00, 710
2023-02-01 12:12:52.886+00:00, 718
2023-02-01 12:12:53.550+00:00, 699
2023-02-01 12:12:54.253+00:00, 703
2023-02-01 12:12:54.995+00:00, 707
2023-02-01 12:12:55.699+00:00, 707
2023-02-01 12:12:56.402+00:00, 710
2023-02-01 12:12:57.105+00:00, 710
2023-02-01 12:12:57.847+00:00, 726
2023-02-01 12:12:58.550+00:00, 718
2023-02-01 12:12:59.253+00:00, 714
2023-02-01 12:12:59.995+00:00, 722
2023-02-01 12:13:00.699+00:00, 722
2023-02-01 12:13:01.441+00:00, 714
2023-02-01 12:13:02.144+00:00, 714
2023-02-01 12:13:02.847+00:00, 707
2023-02-01 12:13:03.550+00:00, 695
2023-02-01 12:13:04.253+00:00, 699
2023-02-01 12:13:04.956+00:00, 695
2023-02-01 12:13:05.620+00:00, 691
2023-02-01 12:13:06.324+00:00, 695
2023-02-01 12:13:07.027+00:00, 691
2023-02-01 12:13:07.691+00:00, 691
2023-02-01 12:13:08.394+00:00, 687
2023-02-01 12:13:09.097+00:00, 687
2023-02-01 12:13:09.800+00:00, 703
2023-02-01 12:13:10.191+00:00, 398
2023-02-01 12:13:10.386+00:00, 195
2023-02-01 12:13:10.581+00:00, 195
2023-02-01 12:13:10.816+00:00, 234
2023-02-01 12:13:12.652+00:00, 1835
2023-02-01 12:13:13.355+00:00, 710
2023-02-01 12:13:13.902+00:00, 535
2023-02-01 12:13:14.097+00:00, 195
2023-02-01 12:13:14.488+00:00, 398
2023-02-01 12:13:14.683+00:00, 195
2023-02-01 12:13:14.956+00:00, 257
2023-02-01 12:13:15.347+00:00, 414
2023-02-01 12:13:16.050+00:00, 714
2023-02-01 12:13:16.792+00:00, 714
2023-02-01 12:13:17.105+00:00, 339
2023-02-01 12:13:17.417+00:00, 277
2023-02-01 12:13:17.691+00:00, 308
2023-02-01 12:13:18.277+00:00, 550
2023-02-01 12:13:18.511+00:00, 253
2023-02-01 12:13:18.785+00:00, 289
2023-02-01 12:13:20.425+00:00, 1636
2023-02-01 12:13:20.738+00:00, 296
2023-02-01 12:13:21.089+00:00, 367
2023-02-01 12:13:21.792+00:00, 675
2023-02-01 12:13:22.456+00:00, 667
2023-02-01 12:13:23.120+00:00, 675
2023-02-01 12:13:23.785+00:00, 664
2023-02-01 12:13:24.449+00:00, 671
2023-02-01 12:13:25.152+00:00, 683
2023-02-01 12:13:25.816+00:00, 691
2023-02-01 12:13:26.558+00:00, 710
2023-02-01 12:13:27.378+00:00, 824
2023-02-01 12:13:28.433+00:00, 1082
2023-02-01 12:13:28.902+00:00, 460
2023-02-01 12:13:29.214+00:00, 300
2023-02-01 12:13:29.449+00:00, 246
2023-02-01 12:13:29.800+00:00, 359
2023-02-01 12:13:31.089+00:00, 1269
2023-02-01 12:13:31.363+00:00, 269
2023-02-01 12:13:31.831+00:00, 468
2023-02-01 12:13:32.535+00:00, 718
2023-02-01 12:13:33.238+00:00, 710
2023-02-01 12:13:33.980+00:00, 722
2023-02-01 12:13:34.683+00:00, 718
2023-02-01 12:13:35.425+00:00, 714
2023-02-01 12:13:36.128+00:00, 707
2023-02-01 12:13:36.831+00:00, 707
2023-02-01 12:13:37.535+00:00, 710
2023-02-01 12:13:38.160+00:00, 609
2023-02-01 12:13:38.394+00:00, 261
2023-02-01 12:13:38.667+00:00, 253
2023-02-01 12:13:38.863+00:00, 195
2023-02-01 12:13:39.097+00:00, 238
2023-02-01 12:13:39.683+00:00, 597
2023-02-01 12:13:39.956+00:00, 246
2023-02-01 12:13:40.152+00:00, 195
2023-02-01 12:13:40.347+00:00, 195
2023-02-01 12:13:41.285+00:00, 964
2023-02-01 12:13:41.558+00:00, 253
2023-02-01 12:13:41.792+00:00, 250
2023-02-01 12:13:41.988+00:00, 195
2023-02-01 12:13:42.183+00:00, 195
2023-02-01 12:13:42.378+00:00, 195
2023-02-01 12:13:42.730+00:00, 328
2023-02-01 12:13:43.863+00:00, 1160
2023-02-01 12:13:44.566+00:00, 710
2023-02-01 12:13:44.761+00:00, 195
2023-02-01 12:13:45.113+00:00, 320
2023-02-01 12:13:45.425+00:00, 328
2023-02-01 12:13:45.699+00:00, 273
2023-02-01 12:13:46.949+00:00, 1250
2023-02-01 12:13:47.144+00:00, 195
2023-02-01 12:13:47.495+00:00, 355
2023-02-01 12:13:47.964+00:00, 453
2023-02-01 12:13:48.160+00:00, 195
2023-02-01 12:13:49.175+00:00, 1042
2023-02-01 12:13:50.035+00:00, 835
2023-02-01 12:13:50.230+00:00, 195
2023-02-01 12:13:50.425+00:00, 195
2023-02-01 12:13:50.620+00:00, 195
2023-02-01 12:13:50.816+00:00, 195
2023-02-01 12:13:51.011+00:00, 195
2023-02-01 12:13:51.206+00:00, 195
2023-02-01 12:13:51.402+00:00, 195
2023-02-01 12:13:51.675+00:00, 265
2023-02-01 12:13:51.870+00:00, 195
2023-02-01 12:13:52.066+00:00, 195
2023-02-01 12:13:52.261+00:00, 195
2023-02-01 12:13:52.456+00:00, 195
2023-02-01 12:13:52.652+00:00, 195
2023-02-01 12:13:52.925+00:00, 289
2023-02-01 12:13:53.355+00:00, 410
2023-02-01 12:13:53.550+00:00, 195
2023-02-01 12:13:53.785+00:00, 265
2023-02-01 12:13:54.019+00:00, 203
2023-02-01 12:13:54.331+00:00, 343
2023-02-01 12:13:54.995+00:00, 664
2023-02-01 12:13:56.480+00:00, 1476
2023-02-01 12:13:57.183+00:00, 699
2023-02-01 12:13:57.886+00:00, 699
2023-02-01 12:13:58.160+00:00, 292
2023-02-01 12:13:58.355+00:00, 195
2023-02-01 12:13:58.706+00:00, 332
2023-02-01 12:13:58.902+00:00, 195
2023-02-01 12:13:59.175+00:00, 257
2023-02-01 12:13:59.410+00:00, 246
2023-02-01 12:13:59.761+00:00, 359
2023-02-01 12:13:59.956+00:00, 195
2023-02-01 12:14:01.089+00:00, 1128
2023-02-01 12:14:01.519+00:00, 429
2023-02-01 12:14:01.792+00:00, 292
2023-02-01 12:14:02.027+00:00, 210
2023-02-01 12:14:02.222+00:00, 195
2023-02-01 12:14:02.417+00:00, 195
2023-02-01 12:14:02.613+00:00, 195
2023-02-01 12:14:02.808+00:00, 195
2023-02-01 12:14:03.277+00:00, 480
2023-02-01 12:14:03.472+00:00, 203
2023-02-01 12:14:04.214+00:00, 718
2023-02-01 12:14:04.566+00:00, 378
2023-02-01 12:14:06.128+00:00, 1558
2023-02-01 12:14:06.870+00:00, 746
2023-02-01 12:14:07.066+00:00, 195
2023-02-01 12:14:07.261+00:00, 195
2023-02-01 12:14:07.574+00:00, 300
2023-02-01 12:14:07.886+00:00, 300
2023-02-01 12:14:08.199+00:00, 328
2023-02-01 12:14:08.472+00:00, 253
2023-02-01 12:14:08.745+00:00, 292
2023-02-01 12:14:08.941+00:00, 195
2023-02-01 12:14:09.253+00:00, 300
2023-02-01 12:14:09.566+00:00, 308
2023-02-01 12:14:09.800+00:00, 226
2023-02-01 12:14:10.074+00:00, 304
2023-02-01 12:14:11.480+00:00, 1398
2023-02-01 12:14:12.222+00:00, 738
2023-02-01 12:14:12.964+00:00, 726
2023-02-01 12:14:13.667+00:00, 730
2023-02-01 12:14:13.902+00:00, 234
2023-02-01 12:14:15.191+00:00, 1285
2023-02-01 12:14:15.972+00:00, 777
2023-02-01 12:14:16.753+00:00, 773
2023-02-01 12:14:17.535+00:00, 773
2023-02-01 12:14:18.277+00:00, 765
2023-02-01 12:14:19.058+00:00, 769
2023-02-01 12:14:19.839+00:00, 781
2023-02-01 12:14:20.660+00:00, 804
2023-02-01 12:14:20.894+00:00, 226
2023-02-01 12:14:21.245+00:00, 363
2023-02-01 12:14:21.441+00:00, 195
2023-02-01 12:14:21.636+00:00, 195
2023-02-01 12:14:22.417+00:00, 804
2023-02-01 12:14:22.613+00:00, 195
2023-02-01 12:14:23.980+00:00, 1335
2023-02-01 12:14:24.683+00:00, 726
2023-02-01 12:14:24.917+00:00, 222
2023-02-01 12:14:25.347+00:00, 429
2023-02-01 12:14:25.620+00:00, 277
2023-02-01 12:14:26.441+00:00, 820
2023-02-01 12:14:26.636+00:00, 195
2023-02-01 12:14:27.261+00:00, 628
2023-02-01 12:14:27.691+00:00, 437
2023-02-01 12:14:28.081+00:00, 378
2023-02-01 12:14:28.902+00:00, 820
2023-02-01 12:14:29.292+00:00, 398
2023-02-01 12:14:29.644+00:00, 339
2023-02-01 12:14:30.542+00:00, 886
2023-02-01 12:14:31.167+00:00, 625
2023-02-01 12:14:32.105+00:00, 957
2023-02-01 12:14:32.925+00:00, 796
2023-02-01 12:14:33.706+00:00, 781
2023-02-01 12:14:34.253+00:00, 562
2023-02-01 12:14:34.449+00:00, 195
2023-02-01 12:14:34.995+00:00, 550
2023-02-01 12:14:35.191+00:00, 195
2023-02-01 12:14:35.386+00:00, 195
2023-02-01 12:14:35.581+00:00, 195
2023-02-01 12:14:36.128+00:00, 558
2023-02-01 12:14:36.519+00:00, 394
2023-02-01 12:14:36.792+00:00, 273
2023-02-01 12:14:38.433+00:00, 1609
2023-02-01 12:14:38.785+00:00, 378
2023-02-01 12:14:38.980+00:00, 195
2023-02-01 12:14:39.370+00:00, 382
2023-02-01 12:14:39.644+00:00, 261
2023-02-01 12:14:39.917+00:00, 292
2023-02-01 12:14:40.230+00:00, 281
2023-02-01 12:14:40.425+00:00, 195
2023-02-01 12:14:40.620+00:00, 195
2023-02-01 12:14:40.816+00:00, 195
2023-02-01 12:14:41.089+00:00, 300
2023-02-01 12:14:41.402+00:00, 308
2023-02-01 12:14:43.003+00:00, 1582
2023-02-01 12:14:43.706+00:00, 726
2023-02-01 12:14:44.488+00:00, 781
2023-02-01 12:14:45.191+00:00, 683
2023-02-01 12:14:45.855+00:00, 660
2023-02-01 12:14:46.050+00:00, 195
2023-02-01 12:14:46.245+00:00, 195
2023-02-01 12:14:46.988+00:00, 761
2023-02-01 12:14:47.417+00:00, 406
2023-02-01 12:14:47.652+00:00, 242
2023-02-01 12:14:47.964+00:00, 304
2023-02-01 12:14:48.277+00:00, 339
2023-02-01 12:14:49.566+00:00, 1269
2023-02-01 12:14:49.878+00:00, 332
2023-02-01 12:14:50.660+00:00, 769
2023-02-01 12:14:51.441+00:00, 773
2023-02-01 12:14:52.222+00:00, 777
2023-02-01 12:14:52.417+00:00, 195
2023-02-01 12:14:52.613+00:00, 195
2023-02-01 12:14:52.808+00:00, 195
2023-02-01 12:14:53.120+00:00, 335
2023-02-01 12:14:53.511+00:00, 367
2023-02-01 12:14:53.745+00:00, 250
2023-02-01 12:14:54.019+00:00, 257
2023-02-01 12:14:54.214+00:00, 195
2023-02-01 12:14:54.410+00:00, 195
2023-02-01 12:14:54.605+00:00, 195
2023-02-01 12:14:54.800+00:00, 195
2023-02-01 12:14:55.035+00:00, 234
2023-02-01 12:14:56.675+00:00, 1656
2023-02-01 12:14:57.378+00:00, 714
2023-02-01 12:14:57.574+00:00, 195
2023-02-01 12:14:57.847+00:00, 253
2023-02-01 12:14:58.042+00:00, 195
2023-02-01 12:14:58.277+00:00, 250
2023-02-01 12:14:59.566+00:00, 1281
2023-02-01 12:15:00.308+00:00, 738
2023-02-01 12:15:01.050+00:00, 761
2023-02-01 12:15:01.870+00:00, 785
2023-02-01 12:15:02.652+00:00, 808
2023-02-01 12:15:03.472+00:00, 824
2023-02-01 12:15:04.331+00:00, 828
2023-02-01 12:15:05.152+00:00, 839
2023-02-01 12:15:05.816+00:00, 648
2023-02-01 12:15:06.011+00:00, 195
2023-02-01 12:15:06.363+00:00, 375
2023-02-01 12:15:07.613+00:00, 1234
2023-02-01 12:15:08.394+00:00, 789
2023-02-01 12:15:09.175+00:00, 781
2023-02-01 12:15:09.956+00:00, 785
2023-02-01 12:15:10.425+00:00, 472
2023-02-01 12:15:10.738+00:00, 320
2023-02-01 12:15:11.324+00:00, 570
2023-02-01 12:15:11.519+00:00, 195
2023-02-01 12:15:11.831+00:00, 296
2023-02-01 12:15:12.339+00:00, 519
2023-02-01 12:15:13.120+00:00, 785
2023-02-01 12:15:13.941+00:00, 800
2023-02-01 12:15:14.800+00:00, 863
2023-02-01 12:15:14.995+00:00, 195
2023-02-01 12:15:15.269+00:00, 304
2023-02-01 12:15:15.542+00:00, 250
2023-02-01 12:15:15.933+00:00, 394
2023-02-01 12:15:17.222+00:00, 1277
2023-02-01 12:15:17.495+00:00, 296
2023-02-01 12:15:18.316+00:00, 812
2023-02-01 12:15:18.589+00:00, 253
2023-02-01 12:15:18.863+00:00, 308
2023-02-01 12:15:19.644+00:00, 769
2023-02-01 12:15:21.910+00:00, 0
2023-02-01 12:15:22.769+00:00, 875
2023-02-01 12:15:23.160+00:00, 402
2023-02-01 12:15:23.355+00:00, 195
2023-02-01 12:15:23.550+00:00, 195
2023-02-01 12:15:23.980+00:00, 394
2023-02-01 12:15:24.331+00:00, 378
2023-02-01 12:15:25.425+00:00, 1078
2023-02-01 12:15:25.620+00:00, 195
2023-02-01 12:15:25.816+00:00, 195
2023-02-01 12:15:26.128+00:00, 300
2023-02-01 12:15:26.324+00:00, 195
2023-02-01 12:15:26.519+00:00, 195
2023-02-01 12:15:26.714+00:00, 195
2023-02-01 12:15:26.910+00:00, 195
2023-02-01 12:15:28.433+00:00, 1523
2023-02-01 12:15:29.019+00:00, 609
2023-02-01 12:15:29.566+00:00, 539
2023-02-01 12:15:30.503+00:00, 953
2023-02-01 12:15:30.777+00:00, 269
2023-02-01 12:15:31.050+00:00, 250
2023-02-01 12:15:31.324+00:00, 289
2023-02-01 12:15:32.925+00:00, 1605
2023-02-01 12:15:33.238+00:00, 320
2023-02-01 12:15:33.433+00:00, 195
2023-02-01 12:15:33.628+00:00, 195
2023-02-01 12:15:34.058+00:00, 414
2023-02-01 12:15:34.253+00:00, 195
2023-02-01 12:15:35.777+00:00, 1531
2023-02-01 12:15:36.480+00:00, 710
2023-02-01 12:15:37.222+00:00, 730
2023-02-01 12:15:37.964+00:00, 757
2023-02-01 12:15:38.667+00:00, 667
2023-02-01 12:15:38.902+00:00, 257
2023-02-01 12:15:39.605+00:00, 683
2023-02-01 12:15:40.425+00:00, 820
2023-02-01 12:15:40.620+00:00, 195
2023-02-01 12:15:41.011+00:00, 414
2023-02-01 12:15:41.949+00:00, 925
2023-02-01 12:15:42.847+00:00, 914
2023-02-01 12:15:43.628+00:00, 785
2023-02-01 12:15:44.410+00:00, 761
2023-02-01 12:15:45.152+00:00, 757
2023-02-01 12:15:45.933+00:00, 757
2023-02-01 12:15:46.714+00:00, 773
2023-02-01 12:15:47.495+00:00, 785
2023-02-01 12:15:48.277+00:00, 789
2023-02-01 12:15:49.058+00:00, 796
2023-02-01 12:15:49.878+00:00, 808
2023-02-01 12:15:50.699+00:00, 812
2023-02-01 12:15:51.519+00:00, 816
2023-02-01 12:15:52.339+00:00, 816
2023-02-01 12:15:52.925+00:00, 597
2023-02-01 12:15:53.120+00:00, 195
2023-02-01 12:15:53.941+00:00, 812
2023-02-01 12:15:54.761+00:00, 824
2023-02-01 12:15:55.503+00:00, 753
2023-02-01 12:15:56.324+00:00, 804
2023-02-01 12:15:57.105+00:00, 800
2023-02-01 12:15:57.925+00:00, 796
2023-02-01 12:15:58.706+00:00, 785
2023-02-01 12:15:59.488+00:00, 777
2023-02-01 12:16:00.230+00:00, 773
2023-02-01 12:16:01.011+00:00, 765
2023-02-01 12:16:01.753+00:00, 750
2023-02-01 12:16:02.495+00:00, 734
2023-02-01 12:16:03.042+00:00, 562
2023-02-01 12:16:03.238+00:00, 195
2023-02-01 12:16:03.980+00:00, 738
2023-02-01 12:16:04.761+00:00, 769
2023-02-01 12:16:05.542+00:00, 785
2023-02-01 12:16:06.363+00:00, 828
2023-02-01 12:16:07.183+00:00, 824
2023-02-01 12:16:08.003+00:00, 820
2023-02-01 12:16:08.824+00:00, 804
2023-02-01 12:16:09.605+00:00, 792
2023-02-01 12:16:10.269+00:00, 648
2023-02-01 12:16:11.167+00:00, 902
2023-02-01 12:16:11.910+00:00, 726
2023-02-01 12:16:12.613+00:00, 726
2023-02-01 12:16:13.316+00:00, 714
2023-02-01 12:16:14.058+00:00, 722
2023-02-01 12:16:14.800+00:00, 742
2023-02-01 12:16:15.230+00:00, 433
2023-02-01 12:16:15.581+00:00, 332
2023-02-01 12:16:16.324+00:00, 777
2023-02-01 12:16:17.144+00:00, 789
2023-02-01 12:16:17.964+00:00, 828
2023-02-01 12:16:18.745+00:00, 796
2023-02-01 12:16:19.605+00:00, 867
2023-02-01 12:16:20.503+00:00, 867
2023-02-01 12:16:21.363+00:00, 875
2023-02-01 12:16:22.222+00:00, 867
2023-02-01 12:16:23.081+00:00, 851
2023-02-01 12:16:23.902+00:00, 828
2023-02-01 12:16:24.722+00:00, 812
2023-02-01 12:16:25.542+00:00, 800
2023-02-01 12:16:26.285+00:00, 777
2023-02-01 12:16:27.066+00:00, 769
2023-02-01 12:16:27.847+00:00, 757
2023-02-01 12:16:28.589+00:00, 753
2023-02-01 12:16:29.331+00:00, 746
2023-02-01 12:16:30.113+00:00, 765
2023-02-01 12:16:30.620+00:00, 523
2023-02-01 12:16:30.816+00:00, 195
2023-02-01 12:16:31.011+00:00, 195
2023-02-01 12:16:31.206+00:00, 195
2023-02-01 12:16:31.402+00:00, 195
2023-02-01 12:16:31.714+00:00, 312
2023-02-01 12:16:31.910+00:00, 195
2023-02-01 12:16:32.105+00:00, 195
2023-02-01 12:16:32.652+00:00, 550
2023-02-01 12:16:32.925+00:00, 253
2023-02-01 12:16:34.527+00:00, 1636
2023-02-01 12:16:35.269+00:00, 734
2023-02-01 12:16:36.011+00:00, 746
2023-02-01 12:16:36.363+00:00, 347
2023-02-01 12:16:36.558+00:00, 195
2023-02-01 12:16:36.753+00:00, 195
2023-02-01 12:16:36.949+00:00, 195
2023-02-01 12:16:37.339+00:00, 363
2023-02-01 12:16:37.535+00:00, 195
2023-02-01 12:16:37.730+00:00, 195
2023-02-01 12:16:38.003+00:00, 296
2023-02-01 12:16:38.316+00:00, 308
2023-02-01 12:16:38.785+00:00, 464
2023-02-01 12:16:39.449+00:00, 652
2023-02-01 12:16:40.738+00:00, 1308
2023-02-01 12:16:41.050+00:00, 292
2023-02-01 12:16:41.675+00:00, 632
2023-02-01 12:16:42.222+00:00, 558
2023-02-01 12:16:42.730+00:00, 503
2023-02-01 12:16:42.925+00:00, 195
2023-02-01 12:16:43.511+00:00, 597
2023-02-01 12:16:43.706+00:00, 195
2023-02-01 12:16:44.449+00:00, 738
2023-02-01 12:16:44.644+00:00, 195
2023-02-01 12:16:44.995+00:00, 351
2023-02-01 12:16:45.308+00:00, 289
2023-02-01 12:16:45.620+00:00, 339
2023-02-01 12:16:46.011+00:00, 394
2023-02-01 12:16:46.206+00:00, 195
2023-02-01 12:16:47.574+00:00, 1359
2023-02-01 12:16:48.433+00:00, 832
2023-02-01 12:16:48.824+00:00, 421
2023-02-01 12:16:49.331+00:00, 476
2023-02-01 12:16:50.113+00:00, 789
2023-02-01 12:16:50.972+00:00, 882
2023-02-01 12:16:51.792+00:00, 816
2023-02-01 12:16:52.261+00:00, 468
2023-02-01 12:16:52.456+00:00, 195
2023-02-01 12:16:52.769+00:00, 292
2023-02-01 12:16:53.003+00:00, 257
2023-02-01 12:16:53.199+00:00, 195
2023-02-01 12:16:53.433+00:00, 234
2023-02-01 12:16:53.628+00:00, 195
2023-02-01 12:16:54.488+00:00, 832
2023-02-01 12:16:55.191+00:00, 710
2023-02-01 12:16:55.894+00:00, 691
2023-02-01 12:16:56.206+00:00, 339
2023-02-01 12:16:56.792+00:00, 558
2023-02-01 12:16:57.456+00:00, 675
2023-02-01 12:16:57.652+00:00, 195
2023-02-01 12:16:57.847+00:00, 195
2023-02-01 12:16:58.042+00:00, 195
2023-02-01 12:16:58.589+00:00, 554
2023-02-01 12:16:59.410+00:00, 808
2023-02-01 12:17:00.269+00:00, 859
2023-02-01 12:17:01.128+00:00, 875
2023-02-01 12:17:02.027+00:00, 886
2023-02-01 12:17:02.886+00:00, 878
2023-02-01 12:17:03.785+00:00, 878
2023-02-01 12:17:03.980+00:00, 195
2023-02-01 12:17:04.449+00:00, 457
2023-02-01 12:17:04.644+00:00, 195
2023-02-01 12:17:04.917+00:00, 296
2023-02-01 12:17:05.152+00:00, 242
2023-02-01 12:17:05.581+00:00, 398
2023-02-01 12:17:06.363+00:00, 785
2023-02-01 12:17:07.183+00:00, 835
2023-02-01 12:17:08.042+00:00, 843
2023-02-01 12:17:08.902+00:00, 859
2023-02-01 12:17:09.761+00:00, 863
2023-02-01 12:17:09.956+00:00, 195
2023-02-01 12:17:10.152+00:00, 195
2023-02-01 12:17:10.347+00:00, 195
2023-02-01 12:17:10.699+00:00, 359
2023-02-01 12:17:11.480+00:00, 769
2023-02-01 12:17:13.003+00:00, 1519
2023-02-01 12:17:13.433+00:00, 457
2023-02-01 12:17:13.863+00:00, 402
2023-02-01 12:17:14.214+00:00, 367
2023-02-01 12:17:14.449+00:00, 250
2023-02-01 12:17:14.800+00:00, 328
2023-02-01 12:17:15.113+00:00, 308
2023-02-01 12:17:15.386+00:00, 289
2023-02-01 12:17:16.949+00:00, 1550
2023-02-01 12:17:17.652+00:00, 703
2023-02-01 12:17:18.042+00:00, 417
2023-02-01 12:17:18.238+00:00, 195
2023-02-01 12:17:19.370+00:00, 1121
2023-02-01 12:17:21.050+00:00, 1660
2023-02-01 12:17:21.363+00:00, 332
2023-02-01 12:17:21.558+00:00, 195
2023-02-01 12:17:21.753+00:00, 195
2023-02-01 12:17:21.949+00:00, 195
2023-02-01 12:17:22.261+00:00, 296
2023-02-01 12:17:22.456+00:00, 195
2023-02-01 12:17:22.652+00:00, 195
2023-02-01 12:17:22.847+00:00, 195
2023-02-01 12:17:23.042+00:00, 195
2023-02-01 12:17:23.316+00:00, 292
2023-02-01 12:17:23.511+00:00, 199
2023-02-01 12:17:23.980+00:00, 468
2023-02-01 12:17:24.800+00:00, 812
2023-02-01 12:17:24.995+00:00, 195
2023-02-01 12:17:25.347+00:00, 343
2023-02-01 12:17:25.542+00:00, 195
2023-02-01 12:17:25.777+00:00, 238
2023-02-01 12:17:26.206+00:00, 441
2023-02-01 12:17:26.402+00:00, 195
2023-02-01 12:17:26.597+00:00, 195
2023-02-01 12:17:26.910+00:00, 308
2023-02-01 12:17:27.144+00:00, 242
2023-02-01 12:17:27.339+00:00, 195
2023-02-01 12:17:27.535+00:00, 195
2023-02-01 12:17:27.730+00:00, 195
2023-02-01 12:17:27.925+00:00, 195
2023-02-01 12:17:28.120+00:00, 195
2023-02-01 12:17:28.355+00:00, 226
2023-02-01 12:17:28.550+00:00, 195
2023-02-01 12:17:28.745+00:00, 195
2023-02-01 12:17:29.214+00:00, 449
2023-02-01 12:17:29.566+00:00, 378
2023-02-01 12:17:30.035+00:00, 437
2023-02-01 12:17:30.230+00:00, 195
2023-02-01 12:17:30.425+00:00, 195
2023-02-01 12:17:31.050+00:00, 656
2023-02-01 12:17:31.480+00:00, 421
2023-02-01 12:17:31.675+00:00, 195
2023-02-01 12:17:31.870+00:00, 195
2023-02-01 12:17:32.183+00:00, 285
2023-02-01 12:17:32.378+00:00, 195
2023-02-01 12:17:32.574+00:00, 195
2023-02-01 12:17:32.769+00:00, 195
2023-02-01 12:17:32.964+00:00, 195
2023-02-01 12:17:33.160+00:00, 195
2023-02-01 12:17:33.355+00:00, 195
2023-02-01 12:17:35.152+00:00, 1808
2023-02-01 12:17:36.050+00:00, 898
2023-02-01 12:17:36.597+00:00, 550
2023-02-01 12:17:37.300+00:00, 703
2023-02-01 12:17:37.847+00:00, 558
2023-02-01 12:17:40.230+00:00, 0
2023-02-01 12:17:41.245+00:00, 1011
2023-02-01 12:17:41.753+00:00, 511
2023-02-01 12:17:42.378+00:00, 597
2023-02-01 12:17:44.292+00:00, 1945
2023-02-01 12:17:44.956+00:00, 632
